SubNum,condition,windowSize,MT,day,ER
1,M+S,1,1465.0,1,
1,M+S,2,1452.5,1,
1,M+S,3,1152.5,1,
1,M+S,7,1365.0,1,
1,S,1,3165.0,1,
1,S,2,1962.5,1,
1,S,3,1715.0,1,
1,S,7,1860.0,1,
2,M+S,1,3905.0,1,
2,M+S,2,3395.0,1,
2,M+S,3,2830.0,1,
2,M+S,7,2920.0,1,
2,S,1,4280.0,1,
2,S,2,2892.5,1,
2,S,3,3070.0,1,
2,S,7,2955.0,1,
3,M+S,1,2115.0,1,
3,M+S,2,1627.5,1,
3,M+S,3,1435.0,1,
3,M+S,7,1387.5,1,
3,S,1,3202.5,1,
3,S,2,1960.0,1,
3,S,3,1902.5,1,
3,S,7,1875.0,1,
4,M+S,1,2420.0,1,
4,M+S,2,1820.0,1,
4,M+S,3,1617.5,1,
4,M+S,7,1585.0,1,
4,S,1,3090.0,1,
4,S,2,2125.0,1,
4,S,3,2017.5,1,
4,S,7,1920.0,1,
5,M+S,1,4325.0,1,
5,M+S,2,4082.5,1,
5,M+S,3,4000.0,1,
5,M+S,7,3835.0,1,
5,S,1,4675.0,1,
5,S,2,3990.0,1,
5,S,3,3850.0,1,
5,S,7,4155.0,1,
6,M+S,1,3920.0,1,
6,M+S,2,2590.0,1,
6,M+S,3,2380.0,1,
6,M+S,7,2427.5,1,
6,S,1,4160.0,1,
6,S,2,2652.5,1,
6,S,3,2517.5,1,
6,S,7,2645.0,1,
7,M+S,1,2860.0,1,
7,M+S,2,2400.0,1,
7,M+S,3,2340.0,1,
7,M+S,7,2650.0,1,
7,S,1,3907.5,1,
7,S,2,2940.0,1,
7,S,3,2882.5,1,
7,S,7,2900.0,1,
8,M+S,1,1120.0,1,
8,M+S,2,1105.0,1,
8,M+S,3,1097.5,1,
8,M+S,7,1050.0,1,
8,S,1,2895.0,1,
8,S,2,2070.0,1,
8,S,3,1690.0,1,
8,S,7,1490.0,1,
9,M+S,1,2585.0,1,
9,M+S,2,1927.5,1,
9,M+S,3,1692.5,1,
9,M+S,7,1780.0,1,
9,S,1,3375.0,1,
9,S,2,2240.0,1,
9,S,3,1955.0,1,
9,S,7,2055.0,1,
10,M+S,1,3312.5,1,
10,M+S,2,2840.0,1,
10,M+S,3,3265.0,1,
10,M+S,7,3330.0,1,
10,S,1,4522.5,1,
10,S,2,3625.0,1,
10,S,3,3435.0,1,
10,S,7,3445.0,1,
11,M+S,1,3115.0,1,
11,M+S,2,2690.0,1,
11,M+S,3,2695.0,1,
11,M+S,7,2497.5,1,
11,S,1,4685.0,1,
11,S,2,3350.0,1,
11,S,3,3390.0,1,
11,S,7,3325.0,1,
12,M+S,1,1357.5,1,
12,M+S,2,1317.5,1,
12,M+S,3,1302.5,1,
12,M+S,7,1277.5,1,
12,S,1,3255.0,1,
12,S,2,1952.5,1,
12,S,3,1840.0,1,
12,S,7,1830.0,1,
13,M+S,1,1280.0,1,
13,M+S,2,1147.5,1,
13,M+S,3,1110.0,1,
13,M+S,7,1130.0,1,
13,S,1,2890.0,1,
13,S,2,1802.5,1,
13,S,3,1570.0,1,
13,S,7,1530.0,1,
14,M+S,1,2605.0,1,
14,M+S,2,2175.0,1,
14,M+S,3,2080.0,1,
14,M+S,7,2067.5,1,
14,S,1,3165.0,1,
14,S,2,2585.0,1,
14,S,3,2480.0,1,
14,S,7,2260.0,1,
1,M+S,1,965.0,2,
1,M+S,2,920.0,2,
1,M+S,3,890.0,2,
1,M+S,7,915.0,2,
1,S,1,3020.0,2,
1,S,2,1862.5,2,
1,S,3,1610.0,2,
1,S,7,1660.0,2,
2,M+S,1,2200.0,2,
2,M+S,2,2200.0,2,
2,M+S,3,2005.0,2,
2,M+S,7,2112.5,2,
2,S,1,3992.5,2,
2,S,2,2635.0,2,
2,S,3,2775.0,2,
2,S,7,2610.0,2,
3,M+S,1,1220.0,2,
3,M+S,2,1142.5,2,
3,M+S,3,1115.0,2,
3,M+S,7,1130.0,2,
3,S,1,2950.0,2,
3,S,2,1905.0,2,
3,S,3,1675.0,2,
3,S,7,1645.0,2,
4,M+S,1,1157.5,2,
4,M+S,2,1122.5,2,
4,M+S,3,1107.5,2,
4,M+S,7,1080.0,2,
4,S,1,3175.0,2,
4,S,2,1980.0,2,
4,S,3,1925.0,2,
4,S,7,1907.5,2,
5,M+S,1,2930.0,2,
5,M+S,2,2772.5,2,
5,M+S,3,2710.0,2,
5,M+S,7,2755.0,2,
5,S,1,4050.0,2,
5,S,2,3452.5,2,
5,S,3,3362.5,2,
5,S,7,3290.0,2,
6,M+S,1,1365.0,2,
6,M+S,2,1382.5,2,
6,M+S,3,1185.0,2,
6,M+S,7,1327.5,2,
6,S,1,3975.0,2,
6,S,2,2565.0,2,
6,S,3,2605.0,2,
6,S,7,2502.5,2,
7,M+S,1,1892.5,2,
7,M+S,2,1752.5,2,
7,M+S,3,1680.0,2,
7,M+S,7,1775.0,2,
7,S,1,3675.0,2,
7,S,2,2630.0,2,
7,S,3,2495.0,2,
7,S,7,2405.0,2,
8,M+S,1,745.0,2,
8,M+S,2,770.0,2,
8,M+S,3,850.0,2,
8,M+S,7,750.0,2,
8,S,1,2875.0,2,
8,S,2,1905.0,2,
8,S,3,1585.0,2,
8,S,7,1520.0,2,
9,M+S,1,1790.0,2,
9,M+S,2,1447.5,2,
9,M+S,3,1395.0,2,
9,M+S,7,1462.5,2,
9,S,1,3205.0,2,
9,S,2,2172.5,2,
9,S,3,1915.0,2,
9,S,7,2010.0,2,
10,M+S,1,2132.5,2,
10,M+S,2,2095.0,2,
10,M+S,3,2117.5,2,
10,M+S,7,2080.0,2,
10,S,1,3790.0,2,
10,S,2,3145.0,2,
10,S,3,2830.0,2,
10,S,7,2860.0,2,
11,M+S,1,1765.0,2,
11,M+S,2,1525.0,2,
11,M+S,3,1730.0,2,
11,M+S,7,1707.5,2,
11,S,1,3670.0,2,
11,S,2,2690.0,2,
11,S,3,2465.0,2,
11,S,7,2525.0,2,
12,M+S,1,882.5,2,
12,M+S,2,1097.5,2,
12,M+S,3,1110.0,2,
12,M+S,7,1000.0,2,
12,S,1,3185.0,2,
12,S,2,1875.0,2,
12,S,3,1765.0,2,
12,S,7,1755.0,2,
13,M+S,1,780.0,2,
13,M+S,2,770.0,2,
13,M+S,3,772.5,2,
13,M+S,7,735.0,2,
13,S,1,2832.5,2,
13,S,2,1740.0,2,
13,S,3,1520.0,2,
13,S,7,1357.5,2,
14,M+S,1,1595.0,2,
14,M+S,2,1815.0,2,
14,M+S,3,1595.0,2,
14,M+S,7,1645.0,2,
14,S,1,3010.0,2,
14,S,2,2195.0,2,
14,S,3,2205.0,2,
14,S,7,2180.0,2,
1,M+S,1,860.0,3,
1,M+S,2,835.0,3,
1,M+S,3,837.5,3,
1,M+S,7,860.0,3,
1,S,1,3012.5,3,
1,S,2,1825.0,3,
1,S,3,1580.0,3,
1,S,7,1442.5,3,
2,M+S,1,1440.0,3,
2,M+S,2,1440.0,3,
2,M+S,3,1390.0,3,
2,M+S,7,1400.0,3,
2,S,1,3802.5,3,
2,S,2,2700.0,3,
2,S,3,2520.0,3,
2,S,7,2850.0,3,
3,M+S,1,1235.0,3,
3,M+S,2,1200.0,3,
3,M+S,3,1180.0,3,
3,M+S,7,1222.5,3,
3,S,1,2812.5,3,
3,S,2,1777.5,3,
3,S,3,1695.0,3,
3,S,7,1505.0,3,
4,M+S,1,937.5,3,
4,M+S,2,1002.5,3,
4,M+S,3,952.5,3,
4,M+S,7,980.0,3,
4,S,1,3115.0,3,
4,S,2,1900.0,3,
4,S,3,1875.0,3,
4,S,7,1855.0,3,
5,M+S,1,2085.0,3,
5,M+S,2,2050.0,3,
5,M+S,3,2090.0,3,
5,M+S,7,1965.0,3,
5,S,1,3785.0,3,
5,S,2,2967.5,3,
5,S,3,2947.5,3,
5,S,7,3040.0,3,
6,M+S,1,1340.0,3,
6,M+S,2,1195.0,3,
6,M+S,3,1182.5,3,
6,M+S,7,1240.0,3,
6,S,1,3830.0,3,
6,S,2,2495.0,3,
6,S,3,2335.0,3,
6,S,7,2485.0,3,
7,M+S,1,1350.0,3,
7,M+S,2,1320.0,3,
7,M+S,3,1395.0,3,
7,M+S,7,1465.0,3,
7,S,1,3657.5,3,
7,S,2,2525.0,3,
7,S,3,2710.0,3,
7,S,7,2505.0,3,
8,M+S,1,672.5,3,
8,M+S,2,600.0,3,
8,M+S,3,660.0,3,
8,M+S,7,645.0,3,
8,S,1,2820.0,3,
8,S,2,1807.5,3,
8,S,3,1462.5,3,
8,S,7,1440.0,3,
9,M+S,1,1430.0,3,
9,M+S,2,1327.5,3,
9,M+S,3,1275.0,3,
9,M+S,7,1240.0,3,
9,S,1,3170.0,3,
9,S,2,2167.5,3,
9,S,3,1980.0,3,
9,S,7,1835.0,3,
10,M+S,1,2160.0,3,
10,M+S,2,2045.0,3,
10,M+S,3,2065.0,3,
10,M+S,7,2100.0,3,
10,S,1,3815.0,3,
10,S,2,3095.0,3,
10,S,3,3125.0,3,
10,S,7,2825.0,3,
11,M+S,1,1335.0,3,
11,M+S,2,1245.0,3,
11,M+S,3,1240.0,3,
11,M+S,7,1310.0,3,
11,S,1,3600.0,3,
11,S,2,2360.0,3,
11,S,3,2272.5,3,
11,S,7,2110.0,3,
12,M+S,1,855.0,3,
12,M+S,2,837.5,3,
12,M+S,3,850.0,3,
12,M+S,7,960.0,3,
12,S,1,3280.0,3,
12,S,2,1885.0,3,
12,S,3,1800.0,3,
12,S,7,1930.0,3,
13,M+S,1,657.5,3,
13,M+S,2,685.0,3,
13,M+S,3,705.0,3,
13,M+S,7,710.0,3,
13,S,1,2837.5,3,
13,S,2,1700.0,3,
13,S,3,1375.0,3,
13,S,7,1322.5,3,
14,M+S,1,1215.0,3,
14,M+S,2,1455.0,3,
14,M+S,3,1290.0,3,
14,M+S,7,1465.0,3,
14,S,1,2925.0,3,
14,S,2,2195.0,3,
14,S,3,1990.0,3,
14,S,7,1970.0,3,
1,M,8,1350.0,1,
2,M,8,2990.0,1,
3,M,8,1935.0,1,
4,M,8,1440.0,1,
5,M,8,4645.0,1,
6,M,8,1775.0,1,
7,M,8,2447.5,1,
8,M,8,965.0,1,
9,M,8,2155.0,1,
10,M,8,3110.0,1,
11,M,8,2785.0,1,
12,M,8,1260.0,1,
13,M,8,1150.0,1,
14,M,8,2302.5,1,
1,M,8,945.0,2,
2,M,8,1980.0,2,
3,M,8,1190.0,2,
4,M,8,1140.0,2,
5,M,8,2820.0,2,
6,M,8,1310.0,2,
7,M,8,1755.0,2,
8,M,8,767.5,2,
9,M,8,1800.0,2,
10,M,8,2130.0,2,
11,M,8,1595.0,2,
12,M,8,1025.0,2,
13,M,8,752.5,2,
14,M,8,1605.0,2,
1,M,8,857.5,3,
2,M,8,1485.0,3,
3,M,8,1230.0,3,
4,M,8,957.5,3,
5,M,8,2087.5,3,
6,M,8,1265.0,3,
7,M,8,1377.5,3,
8,M,8,665.0,3,
9,M,8,1372.5,3,
10,M,8,2195.0,3,
11,M,8,1375.0,3,
12,M,8,860.0,3,
13,M,8,685.0,3,
14,M,8,1260.0,3,
1,M+S,1,1672.5,4,0.0
1,M+S,2,1310.0,4,0.05
1,M+S,3,1042.5,4,0.0
1,M+S,7,1050.0,4,0.05
1,M+S (changed),1,,4,0.5833333333333334
1,M+S (changed),2,,4,0.4166666666666667
1,M+S (changed),3,,4,0.25
1,M+S (changed),7,,4,0.0
1,S,1,2850.0,4,0.35
1,S,2,1785.0,4,0.1
1,S,3,1475.0,4,0.25
1,S,7,1492.5,4,0.1
2,M+S,1,2290.0,4,0.0
2,M+S,2,1905.0,4,0.0
2,M+S,3,1570.0,4,0.0
2,M+S,7,1602.5,4,0.0
2,M+S (changed),1,,4,0.3333333333333333
2,M+S (changed),2,,4,0.08333333333333333
2,M+S (changed),3,,4,0.08333333333333333
2,M+S (changed),7,,4,0.08333333333333333
2,S,1,3850.0,4,0.0
2,S,2,2755.0,4,0.0
2,S,3,2595.0,4,0.1
2,S,7,2635.0,4,0.15
3,M+S,1,2070.0,4,0.0
3,M+S,2,1365.0,4,0.1
3,M+S,3,1220.0,4,0.05
3,M+S,7,1090.0,4,0.05
3,M+S (changed),1,,4,0.75
3,M+S (changed),2,,4,0.16666666666666666
3,M+S (changed),3,,4,0.25
3,M+S (changed),7,,4,0.16666666666666666
3,S,1,2870.0,4,0.05
3,S,2,1765.0,4,0.05
3,S,3,1587.5,4,0.1
3,S,7,1692.5,4,0.1
4,M+S,1,1940.0,4,0.0
4,M+S,2,1467.5,4,0.0
4,M+S,3,1212.5,4,0.1
4,M+S,7,1090.0,4,0.0
4,M+S (changed),1,,4,0.4166666666666667
4,M+S (changed),2,,4,0.16666666666666666
4,M+S (changed),3,,4,0.25
4,M+S (changed),7,,4,0.16666666666666666
4,S,1,3212.5,4,0.0
4,S,2,1880.0,4,0.0
4,S,3,1987.5,4,0.1
4,S,7,1805.0,4,0.0
5,M+S,1,2640.0,4,0.05
5,M+S,2,2085.0,4,0.05
5,M+S,3,2167.5,4,0.1
5,M+S,7,2100.0,4,0.1
5,M+S (changed),1,,4,0.4166666666666667
5,M+S (changed),2,,4,0.0
5,M+S (changed),3,,4,0.08333333333333333
5,M+S (changed),7,,4,0.08333333333333333
5,S,1,3590.0,4,0.05
5,S,2,2780.0,4,0.05
5,S,3,2960.0,4,0.05
5,S,7,2755.0,4,0.15
6,M+S,1,2490.0,4,0.0
6,M+S,2,1747.5,4,0.0
6,M+S,3,1500.0,4,0.1
6,M+S,7,1380.0,4,0.0
6,M+S (changed),1,,4,0.5833333333333334
6,M+S (changed),2,,4,0.16666666666666666
6,M+S (changed),3,,4,0.08333333333333333
6,M+S (changed),7,,4,0.16666666666666666
6,S,1,3690.0,4,0.05
6,S,2,2565.0,4,0.15
6,S,3,2502.5,4,0.2
6,S,7,2655.0,4,0.2
7,M+S,1,2000.0,4,0.1
7,M+S,2,1710.0,4,0.0
7,M+S,3,1572.5,4,0.0
7,M+S,7,1542.5,4,0.0
7,M+S (changed),1,,4,0.5
7,M+S (changed),2,,4,0.5
7,M+S (changed),3,,4,0.3333333333333333
7,M+S (changed),7,,4,0.25
7,S,1,3580.0,4,0.05
7,S,2,2475.0,4,0.15
7,S,3,2637.5,4,0.2
7,S,7,2600.0,4,0.1
8,M+S,1,2045.0,4,0.15
8,M+S,2,1367.5,4,0.0
8,M+S,3,1155.0,4,0.05
8,M+S,7,750.0,4,0.1
8,M+S (changed),1,,4,0.08333333333333333
8,M+S (changed),2,,4,0.25
8,M+S (changed),3,,4,0.16666666666666666
8,M+S (changed),7,,4,0.25
8,S,1,2730.0,4,0.15
8,S,2,1775.0,4,0.15
8,S,3,1490.0,4,0.1
8,S,7,1450.0,4,0.1
9,M+S,1,1615.0,4,0.0
9,M+S,2,1327.5,4,0.2
9,M+S,3,1215.0,4,0.05
9,M+S,7,1245.0,4,0.15
9,M+S (changed),1,,4,0.8333333333333334
9,M+S (changed),2,,4,0.5833333333333334
9,M+S (changed),3,,4,0.16666666666666666
9,M+S (changed),7,,4,0.16666666666666666
9,S,1,3050.0,4,0.15
9,S,2,2070.0,4,0.05
9,S,3,1850.0,4,0.15
9,S,7,1670.0,4,0.1
10,M+S,1,2630.0,4,0.0
10,M+S,2,2122.5,4,0.0
10,M+S,3,1785.0,4,0.0
10,M+S,7,2015.0,4,0.05
10,M+S (changed),1,,4,0.08333333333333333
10,M+S (changed),2,,4,0.16666666666666666
10,M+S (changed),3,,4,0.25
10,M+S (changed),7,,4,0.08333333333333333
10,S,1,3900.0,4,0.05
10,S,2,2775.0,4,0.05
10,S,3,2910.0,4,0.15
10,S,7,2795.0,4,0.05
11,M+S,1,1772.5,4,0.1
11,M+S,2,1717.5,4,0.2
11,M+S,3,1415.0,4,0.1
11,M+S,7,1422.5,4,0.1
11,M+S (changed),1,,4,0.5
11,M+S (changed),2,,4,0.25
11,M+S (changed),3,,4,0.16666666666666666
11,M+S (changed),7,,4,0.4166666666666667
11,S,1,3575.0,4,0.05
11,S,2,2380.0,4,0.05
11,S,3,2390.0,4,0.0
11,S,7,2160.0,4,0.1
12,M+S,1,1870.0,4,0.05
12,M+S,2,1227.5,4,0.2
12,M+S,3,905.0,4,0.15
12,M+S,7,850.0,4,0.0
12,M+S (changed),1,,4,0.6666666666666666
12,M+S (changed),2,,4,0.25
12,M+S (changed),3,,4,0.25
12,M+S (changed),7,,4,0.25
12,S,1,2982.5,4,0.2
12,S,2,1722.5,4,0.0
12,S,3,1625.0,4,0.05
12,S,7,1582.5,4,0.0
13,M+S,1,1995.0,4,0.05
13,M+S,2,1315.0,4,0.0
13,M+S,3,1050.0,4,0.1
13,M+S,7,655.0,4,0.2
13,M+S (changed),1,,4,0.5
13,M+S (changed),2,,4,0.16666666666666666
13,M+S (changed),3,,4,0.3333333333333333
13,M+S (changed),7,,4,0.25
13,S,1,2902.5,4,0.1
13,S,2,1625.0,4,0.15
13,S,3,1420.0,4,0.15
13,S,7,1320.0,4,0.15
14,M+S,1,2010.0,4,0.15
14,M+S,2,1672.5,4,0.0
14,M+S,3,1540.0,4,0.05
14,M+S,7,1477.5,4,0.1
14,M+S (changed),1,,4,0.5
14,M+S (changed),2,,4,0.25
14,M+S (changed),3,,4,0.08333333333333333
14,M+S (changed),7,,4,0.0
14,S,1,2755.0,4,0.15
14,S,2,2175.0,4,0.05
14,S,3,2020.0,4,0.1
14,S,7,2025.0,4,0.15
1,M,8,830.0,4,0.0875
2,M,8,1495.0,4,0.0375
3,M,8,1030.0,4,0.1375
4,M,8,910.0,4,0.1375
5,M,8,2002.5,4,0.1
6,M,8,1290.0,4,0.05
7,M,8,1345.0,4,0.1375
8,M,8,627.5,4,0.075
9,M,8,1160.0,4,0.1
10,M,8,1920.0,4,0.1125
11,M,8,1220.0,4,0.0875
12,M,8,830.0,4,0.1375
13,M,8,640.0,4,0.2
14,M,8,1330.0,4,0.125
